{
  "stage": "global_tail",
  "tau": 0.2,
  "global_gamma": 1.2,
  "global_theta": 0.35,
  "dol_gamma": 8.0,
  "dol_theta": 0.05,
  "objective": -1.1679709218477006,
  "weighted_f1": 0.7525510129489991,
  "macro_f1": 0.5314754754830512,
  "boundary_f1": 0.4567349331186755,
  "penalty": -0.5886181592941284,
  "tail_mean_f1": 0.5061380116619597,
  "dolomite_f1": 0.040099214551467546,
  "basement_f1": 0.0,
  "decode_order": "bayes_only_targeted",
  "grid_size": 192,
  "elapsed_sec": 3749.9124703407288,
  "tail_f1": {
    "5": 0.7001190862834253,
    "6": 0.9753794266441821,
    "8": 0.669924658928935,
    "9": 0.040099214551467546,
    "10": 0.6513056835637481,
    "11": 0.0
  },
  "per_class": {
    "0": {
      "name": "Shale",
      "precision": 0.8329556312001759,
      "recall": 0.91150604930431,
      "f1": 0.8704623381827249,
      "support": 877043
    },
    "1": {
      "name": "Sandstone",
      "precision": 0.7678712970018051,
      "recall": 0.7229422639910642,
      "f1": 0.7447297615652627,
      "support": 207704
    },
    "2": {
      "name": "Sandstone/Shale",
      "precision": 0.4424217965120772,
      "recall": 0.28494635549164915,
      "f1": 0.3466373339522805,
      "support": 180820
    },
    "3": {
      "name": "Limestone",
      "precision": 0.6359242851389448,
      "recall": 0.6588822699933811,
      "f1": 0.6471997455920285,
      "support": 69498
    },
    "4": {
      "name": "Marl",
      "precision": 0.3819628647214854,
      "recall": 0.36843900774891564,
      "f1": 0.3750790717289111,
      "support": 41038
    },
    "5": {
      "name": "Tuff",
      "precision": 0.662704309063893,
      "recall": 0.742011359072916,
      "f1": 0.7001190862834253,
      "support": 17431
    },
    "6": {
      "name": "Halite",
      "precision": 0.9680010710938546,
      "recall": 0.9828711256117455,
      "f1": 0.9753794266441821,
      "support": 14712
    },
    "7": {
      "name": "Chalk",
      "precision": 0.8149936467598475,
      "recall": 0.228370006408887,
      "f1": 0.3567693848036489,
      "support": 14043
    },
    "8": {
      "name": "Coal",
      "precision": 0.649171270718232,
      "recall": 0.692048801009676,
      "f1": 0.669924658928935,
      "support": 4754
    },
    "9": {
      "name": "Dolomite",
      "precision": 0.039640375970576215,
      "recall": 0.040568799665411964,
      "f1": 0.040099214551467546,
      "support": 2391
    },
    "10": {
      "name": "Anhydrite",
      "precision": 0.6062917063870352,
      "recall": 0.7035398230088495,
      "f1": 0.6513056835637481,
      "support": 1808
    },
    "11": {
      "name": "Basement",
      "precision": 0.0,
      "recall": 0.0,
      "f1": 0.0,
      "support": 141
    }
  }
}